<application>
  <component name="MaterialThemeConfig">
    <option name="compactSidebar" value="true" />
    <option name="isContrastMode" value="true" />
    <option name="isWizardShown" value="true" />
    <option name="treeFontSizeEnabled" value="true" />
    <option name="customSidebarHeight" value="22" />
    <option name="treeFontSize" value="13" />
    <option name="settingsSelectedTab" value="3" />
    <option name="accentColor" value="80cbc4" />
    <option name="highlightColor" value="80cbc4" />
    <option name="userId" value="10929678:16697c763a5:-8000" />
    <option name="version" value="3.5.0.1" />
  </component>
</application>