<application>
  <component name="NodeJsLocalInterpreters">
    <local-interpreter path="/usr/local/Cellar/node/11.14.0/bin/node">
      <version-cache version="11.14.0" last-modified="1555320942000" />
    </local-interpreter>
    <local-interpreter path="/usr/local/bin/node">
      <version-cache version="8.12.0" last-modified="1536604579000" />
    </local-interpreter>
  </component>
  <component name="SvnApplicationSettings">
    <option name="myTypedURLs">
      <list>
        <option value="svn://120.24.217.103/repository/outsource_projects/wu_xb/xiaoetong_project_new/wechat_app_admin_new/branches/wechat_app_admin_new_market_branch_v15" />
      </list>
    </option>
  </component>
</application>