<application>
  <component name="GitRememberedInputs">
    <option name="visitedUrls">
      <list>
        <UrlAndUserName>
          <option name="url" value="http://github.com" />
          <option name="userName" value="793378953@qq.com" />
        </UrlAndUserName>
        <UrlAndUserName>
          <option name="url" value="http://192.168.3.101" />
          <option name="userName" value="xingchenhuang@webot.co" />
        </UrlAndUserName>
      </list>
    </option>
  </component>
</application>